{"cameraMode":{"drawMode":0,"name":"Shaded","section":"Shading Mode"},"sceneLighting":false,"audioPlay":false,"sceneViewState":{"showFog":true,"showMaterialUpdate":false,"showSkybox":true,"showFlares":true,"showImageEffects":true,"showParticleSystems":true},"in2DMode":false,"pivot":{"x":-6.090000152587891,"y":4.840000152587891,"z":-10.109999656677246},"rotation":{"x":0.2041008025407791,"y":0.648483395576477,"z":-0.186622753739357,"w":0.7092137336730957},"size":2.8578836917877199,"orthographic":false}