{"cameraMode":{"drawMode":0,"name":"Shaded","section":"Shading Mode"},"sceneLighting":false,"audioPlay":false,"sceneViewState":{"showFog":true,"showMaterialUpdate":false,"showSkybox":true,"showFlares":true,"showImageEffects":true,"showParticleSystems":true},"in2DMode":false,"pivot":{"x":-11.114999771118164,"y":0.0,"z":0.36500024795532229},"rotation":{"x":-0.030890170484781266,"y":-0.9383411407470703,"z":0.08700978010892868,"w":-0.3331531286239624},"size":2.8578836917877199,"orthographic":false}